"Country","Year","TotalFatGramPerDay","TotalKCaloriePerDay","TotalCapProteinGPD","TotalCapSugarKPY","TotalCapFruitKPD","TotalCapVeggieKPY"
"Australia",2000,130,2991,101.3,45,91,98
"Australia",2001,134.3,3048,100.8,45.6,96.5,105.1
"Australia",2002,131.2,3077,104.8,45.7,95.3,94.6
"Australia",2003,131,3104,109.6,46.9,103,90.8
"Australia",2004,134,3052,101.5,46.8,101.1,100.5
"Australia",2005,137.3,3099,104.9,46.8,108.1,97.8
"Australia",2006,143.4,3156,104.6,46.4,100.7,97.5
"Australia",2007,143.9,3198,108.3,47.4,105.2,99.7
"Australia",2008,141,3199,106.5,47,101.6,102.3
"Australia",2009,143.6,3205,103.3,45.9,98.7,97
"Australia",2010,145.9,3213,103.8,46.1,100,97.8
"Australia",2011,148.6,3237,105.9,46.5,94.9,95.8
"Australia",2012,152.4,3257,104.5,45.9,91.5,99.9
"Australia",2013,150.9,3276,106.3,46.1,88.2,102.8
"Austria",2000,159,3726,106,46.5,127.3,82
"Austria",2001,160.7,3728,106.9,45.5,129.8,94.5
"Austria",2002,154.3,3652,106.1,44.9,120.3,91.4
"Austria",2003,151.3,3609,102.1,46.3,140.3,91.3
"Austria",2004,155.6,3606,100.5,47.5,141.1,102.1
"Austria",2005,152.3,3640,102.7,49.6,143.7,93.1
"Austria",2006,162.3,3719,101.5,48.8,144.1,94.8
"Austria",2007,162.8,3737,103.7,46.9,149.7,95.9
"Austria",2008,161.9,3717,101.8,48.8,156.7,101.8
"Austria",2009,167.8,3723,102.4,46.8,130.5,101.2
"Austria",2010,170.3,3724,101.8,48.3,130.7,105.7
"Austria",2011,166.2,3735,103.3,47.7,155.8,109.3
"Austria",2012,167.7,3739,103.4,47.3,156.4,103.8
"Austria",2013,170.4,3768,106.2,45.3,154.1,103.7
"Belgium",2000,161.5,3709,96.6,55,72.8,119.4
"Belgium",2001,164.9,3747,100.8,54.5,70.2,115.6
"Belgium",2002,165.8,3749,100.6,54.1,70.8,125.2
"Belgium",2003,162.1,3717,99.5,54.6,74.4,128.6
"Belgium",2004,160.8,3722,99.3,53.5,86.7,124.9
"Belgium",2005,163.3,3716,99.3,53.2,69.9,124.6
"Belgium",2006,163.6,3716,100.1,51,87.2,122.6
"Belgium",2007,165.2,3713,101.2,50.4,84.1,129.1
"Belgium",2008,162.4,3702,98.4,52.6,90.4,129.2
"Belgium",2009,159.4,3697,96.1,54.4,78.1,128.9
"Belgium",2010,161.3,3707,96.9,57.1,70.7,117.1
"Belgium",2011,167.7,3720,96.6,50.5,59.8,129.2
"Belgium",2012,161.6,3715,99,55.7,61.7,130.3
"Belgium",2013,162.3,3733,99.6,52.4,71.4,136.4
"Canada",2000,147.5,3506,106.1,50.6,126,120.2
"Canada",2001,145.5,3501,105.1,52.9,124.1,120.7
"Canada",2002,142.3,3496,105.3,55.7,124.3,125.6
"Canada",2003,148.1,3518,104,55.9,119.2,122.4
"Canada",2004,147.4,3525,104.8,54.3,120.6,122.4
"Canada",2005,144.3,3475,102.1,53.8,129.3,119.2
"Canada",2006,143.2,3470,103.5,52.8,131.9,121.1
"Canada",2007,144.9,3483,104.4,53.3,142.7,122.6
"Canada",2008,145.8,3465,104.7,51.3,132.8,114.1
"Canada",2009,145.3,3440,103.1,49.5,134,113.1
"Canada",2010,148.1,3447,104.1,46.1,133.3,110.7
"Canada",2011,149.7,3474,103.9,50,128.6,113
"Canada",2012,149,3485,104.6,48.2,125.8,115.2
"Canada",2013,147.1,3494,105,48.3,135.7,108.5
"Czech Republic",2000,111.5,3079,90.3,44.3,70.8,76
"Czech Republic",2001,114.1,3170,92.8,46.5,63.5,75.1
"Czech Republic",2002,115.5,3243,93,51.2,57.4,72.9
"Czech Republic",2003,120.4,3319,93,54.9,66.7,71
"Czech Republic",2004,116.8,3322,96.1,54.9,73.9,70
"Czech Republic",2005,128.1,3318,99.3,37.6,69.7,79
"Czech Republic",2006,137.7,3279,95.3,32.1,68.9,77.6
"Czech Republic",2007,134.3,3261,95.1,34.7,70.2,75.4
"Czech Republic",2008,137.7,3268,93.8,35,76.8,77.6
"Czech Republic",2009,136.2,3276,92.6,38.9,75.8,72
"Czech Republic",2010,137.7,3276,92.8,40.4,72,70.5
"Czech Republic",2011,133.3,3251,90.8,41.3,68.6,74
"Czech Republic",2012,137,3243,86.9,43.6,58.7,68.2
"Czech Republic",2013,137.1,3256,87.5,42.9,65.6,72.2
"Denmark",2000,134,3313,99.9,53.7,103.2,89.3
"Denmark",2001,135.5,3335,107.6,52,93.8,89.6
"Denmark",2002,130.6,3373,107.3,57.6,164.3,94.9
"Denmark",2003,130.1,3343,103.4,57.7,138.1,99.6
"Denmark",2004,133.4,3382,105.6,57.9,135,102.6
"Denmark",2005,137.5,3414,115.6,50.8,136.4,97.7
"Denmark",2006,130.9,3407,112.9,54,127,99.6
"Denmark",2007,130.4,3445,110.6,62.7,111.1,97.2
"Denmark",2008,127.2,3326,109.3,53.5,111,100.1
"Denmark",2009,131.3,3340,103.9,52.4,122,116.9
"Denmark",2010,130.3,3398,110.4,53.6,100.5,120.8
"Denmark",2011,131.3,3348,106.4,53.3,98.7,121.9
"Denmark",2012,134.1,3331,103.8,55.5,125.2,109.3
"Denmark",2013,134.5,3367,108.9,55.5,121.6,105.3
"Finland",2000,122.9,3151,101.2,38.5,82.2,71.1
"Finland",2001,126.5,3171,102.3,35,90.7,70.3
"Finland",2002,127.5,3152,102.1,34.8,83.5,72.2
"Finland",2003,126,3154,104.3,34.3,91.8,72.6
"Finland",2004,126.1,3188,105.3,34.8,95.8,75.3
"Finland",2005,127.5,3201,106,34,94.3,78.7
"Finland",2006,129.1,3237,108.1,33.4,89.8,74.6
"Finland",2007,131.7,3281,110.5,34.5,93.6,79.1
"Finland",2008,131.7,3236,111.8,29.9,87.7,78
"Finland",2009,131.1,3233,109.9,33.8,89.8,84.7
"Finland",2010,134.4,3280,112.4,30.8,89.5,80.2
"Finland",2011,138,3305,113.9,31.3,94.6,88
"Finland",2012,137.5,3323,116.4,31.7,100.9,82.4
"Finland",2013,140.3,3368,117.7,31.7,95.2,88.8
"France",2000,169.9,3605,117.5,39.7,97.4,109.4
"France",2001,171.4,3640,119.1,40.8,96.6,108
"France",2002,171.1,3656,118.9,41.3,100.9,109.4
"France",2003,168.4,3587,116.3,40.4,95.9,107.1
"France",2004,161.8,3555,114.1,41.2,107.5,112.2
"France",2005,162.9,3538,111.3,41.7,112.1,104.2
"France",2006,162.9,3513,111,37.9,110.9,97.6
"France",2007,160.4,3466,110.6,37.3,116.2,98.2
"France",2008,167.3,3551,112.6,36.3,115.3,100.8
"France",2009,165.1,3530,111.2,40.4,116,105.6
"France",2010,163.5,3536,113.2,38,113,103.1
"France",2011,161.4,3514,111.8,37.7,113.9,99.5
"France",2012,157.7,3460,111.3,38,107.9,98.3
"France",2013,159.2,3482,110.5,39.2,114.3,97.3
"Germany",2000,142.8,3336,94.5,42,113.7,89.3
"Germany",2001,137.1,3363,97.9,45.8,88.6,91.3
"Germany",2002,139,3427,99,45.2,96.3,90.5
"Germany",2003,139.2,3390,98,48.4,90.2,88.9
"Germany",2004,138.6,3411,96.7,49.3,84.2,91.1
"Germany",2005,139,3450,97,50.9,87.1,86.2
"Germany",2006,140.7,3466,99.2,48.2,84.3,88
"Germany",2007,146,3527,102.5,46.1,83.1,86.6
"Germany",2008,144.1,3517,101.3,49.5,81.1,87.9
"Germany",2009,142.8,3515,102.6,48.1,81.6,91.7
"Germany",2010,144.1,3504,101.9,49.9,78.7,90
"Germany",2011,145.7,3538,103.2,48.7,88.2,94.1
"Germany",2012,144.3,3501,101.8,47.4,87.9,96.9
"Germany",2013,141.9,3499,101.6,48.5,88.5,92.9
"Greece",2000,141.5,3602,120.8,33,164.8,288.1
"Greece",2001,142.2,3614,115.3,34.5,171,281.8
"Greece",2002,146.9,3639,113.9,34.4,166.1,263.2
"Greece",2003,147,3651,117.8,35.1,150.8,288.3
"Greece",2004,148.5,3719,117.3,36.5,184.9,302.4
"Greece",2005,149.2,3593,114.5,34,171,262.8
"Greece",2006,148.2,3485,113.6,28.6,151.9,237.9
"Greece",2007,149.3,3511,115.1,31.4,158.1,241.6
"Greece",2008,152.5,3519,111.9,31.1,140.3,230.5
"Greece",2009,153.9,3505,113.3,27.6,145.8,246.3
"Greece",2010,152.3,3442,112,28.2,123.7,219.8
"Greece",2011,153.9,3427,109.6,27.4,126.5,237.9
"Greece",2012,148.7,3404,108.2,29.7,117.4,227.8
"Greece",2013,146.7,3400,108.8,29.3,121.5,224.4
"Hungary",2000,134.5,3172,91.2,38.2,67.6,113.4
"Hungary",2001,129.4,3094,88.8,37.9,58.7,106.7
"Hungary",2002,136,3075,89.1,37.2,65.6,106.6
"Hungary",2003,129.2,3061,87.3,37.6,74.6,109
"Hungary",2004,133.7,3192,90.6,37.8,84.6,120.9
"Hungary",2005,138.4,3270,90.6,36,80.9,108
"Hungary",2006,139.1,3278,90.4,37.1,93.7,128.9
"Hungary",2007,139.6,3164,87.3,35,73.6,113.9
"Hungary",2008,139.1,3149,86.5,35.9,62,115
"Hungary",2009,136.7,3140,85.1,34.3,82.2,105
"Hungary",2010,136.7,3062,81.5,34.3,65.5,70.5
"Hungary",2011,136,3064,81.9,35.3,51.8,94
"Hungary",2012,132.7,3009,80.7,34.4,71.2,80.9
"Hungary",2013,137.7,3037,78.9,34.7,58.4,78.9
"Iceland",2000,129.8,3152,123.7,53.7,99.3,51.4
"Iceland",2001,128,3148,121.4,51.7,106.8,53
"Iceland",2002,137.9,3214,127.8,52.8,114.1,53.3
"Iceland",2003,138.9,3236,129.5,52.6,105.4,56.9
"Iceland",2004,144.6,3290,127.3,50.3,106.9,61
"Iceland",2005,144.6,3323,129.3,47.7,114.2,65.2
"Iceland",2006,149.1,3401,134.7,47,136.9,72.3
"Iceland",2007,151.3,3458,138.2,46.5,149.1,76.5
"Iceland",2008,149.7,3428,134.2,46.7,143.5,72.7
"Iceland",2009,146.4,3394,134.4,48.4,128,69.5
"Iceland",2010,144.9,3341,131,48.8,123.9,68.5
"Iceland",2011,145.9,3348,131.8,47.3,124.3,69.1
"Iceland",2012,149.5,3396,134.1,48.2,136.9,72.3
"Iceland",2013,151,3380,133.5,48.2,133.1,70.1
"Ireland",2000,139.8,3727,116.3,43.7,66.7,71.4
"Ireland",2001,135.9,3722,120.5,43,80.3,80.5
"Ireland",2002,133.9,3583,116.6,33.3,111,80.1
"Ireland",2003,133.7,3592,116.9,38.2,135,78.6
"Ireland",2004,134.5,3573,117,37.6,120.8,75
"Ireland",2005,134.1,3485,113,38,111.8,71.6
"Ireland",2006,125.4,3503,114.2,39.6,111.9,80
"Ireland",2007,129.5,3532,111.6,42.4,139.1,82.2
"Ireland",2008,133.2,3582,112.3,43.7,149.6,88.1
"Ireland",2009,130.2,3571,111.6,39.2,142.9,87.2
"Ireland",2010,130.4,3591,111.7,38.3,129.8,91.5
"Ireland",2011,129.8,3600,108.1,49.2,123.5,96.1
"Ireland",2012,130,3598,105.9,48.6,150.4,97.1
"Ireland",2013,125.8,3600,110,46,158.6,93.9
"Italy",2000,153.7,3668,113.9,30.9,146.5,196.8
"Italy",2001,155.2,3671,113.7,31.9,133.6,160.4
"Italy",2002,155.4,3661,113.1,31.3,143.5,144.7
"Italy",2003,152.5,3621,111.7,31.3,134.1,174.3
"Italy",2004,150.1,3626,112,32.1,154.8,197.4
"Italy",2005,147.9,3567,111.4,31.9,153.6,183.4
"Italy",2006,156.5,3625,110.9,29.9,161.5,160.2
"Italy",2007,156.4,3618,110.7,29.7,161.6,157.7
"Italy",2008,155.9,3595,110.6,29.7,155.7,153.3
"Italy",2009,152.7,3599,112,29.6,174.4,174.8
"Italy",2010,156.5,3583,111.7,30,152.6,148.1
"Italy",2011,157.5,3575,109.9,30.8,144,144.4
"Italy",2012,157.9,3575,109.1,31.5,129.9,133.8
"Italy",2013,154.7,3579,108.5,32.1,139.8,128.9
"Japan",2000,90.2,2899,96.4,28.6,51.4,112.8
"Japan",2001,89.9,2889,96.7,29.5,53.5,111.7
"Japan",2002,88.6,2853,94.4,29.8,56.4,107.5
"Japan",2003,88.1,2842,94.4,30.1,55.2,107.7
"Japan",2004,90.2,2842,91.8,30.1,57.6,105.5
"Japan",2005,90.6,2829,92.4,28.7,60.3,107.8
"Japan",2006,89.4,2778,90.2,27.6,55.2,106.1
"Japan",2007,89,2817,90.7,30.1,57.8,104.8
"Japan",2008,88.8,2734,89.1,28.4,55.1,102.9
"Japan",2009,85.5,2675,87.1,27.6,52.5,100.6
"Japan",2010,87.5,2685,87.6,25.3,49.1,98.9
"Japan",2011,87.2,2712,87.4,27.9,51.2,101.3
"Japan",2012,87.2,2740,88.6,27.5,54.3,104.4
"Japan",2013,86.6,2726,87.7,27.1,52.9,102.3
"Korea",2000,78.1,3094,87.2,35.2,69.6,235.7
"Korea",2001,75.9,3081,87.5,36.5,72,236.8
"Korea",2002,78.1,3081,88.9,37.8,68.1,208.3
"Korea",2003,84,3059,89.2,37.6,65.1,216.4
"Korea",2004,84.8,3098,87,37.5,67.6,231.7
"Korea",2005,85.2,3102,87.6,38,76.1,215.8
"Korea",2006,87.1,3113,90.2,37.8,70.8,224.1
"Korea",2007,90.4,3139,91.1,36.5,79.9,215.1
"Korea",2008,92.6,3187,93.1,36.5,74.1,222.8
"Korea",2009,97,3203,91.9,34.7,72.9,217.8
"Korea",2010,100,3281,91.6,38.1,67.6,196.5
"Korea",2011,102.7,3354,97.2,36.5,67.1,221.7
"Korea",2012,105.2,3325,95.6,37.7,67.1,197.8
"Korea",2013,102.3,3334,96.2,38.4,66.9,205.9
"Luxembourg",2000,144.5,3479,99.2,46.2,218.2,82
"Luxembourg",2001,152.7,3484,107.5,45.1,213,88.5
"Luxembourg",2002,151,3484,106.3,44.4,239,85.7
"Luxembourg",2003,152.3,3489,108.1,44.2,240,91.7
"Luxembourg",2004,155.7,3489,108.1,44.5,206.9,83.1
"Luxembourg",2005,151.9,3502,110.1,50.7,189.2,87.6
"Luxembourg",2006,146.6,3505,109.8,51.5,197.7,89.9
"Luxembourg",2007,145.1,3501,108.7,51.9,187.9,86.9
"Luxembourg",2008,146.2,3511,108.2,51.6,206.2,89
"Luxembourg",2009,143.8,3511,108.1,52.6,177.5,79
"Luxembourg",2010,140.3,3526,110.3,50.1,176.2,110.1
"Luxembourg",2011,137.6,3532,113.9,46.6,202.2,109.3
"Luxembourg",2012,140.3,3540,115.6,50.8,202.4,107.8
"Luxembourg",2013,141.8,3539,113.9,51.4,200.8,107.4
"Mexico",2000,83.2,3037,86.1,48.2,106.8,62.6
"Mexico",2001,84.9,3085,87.7,49.9,114.2,68.4
"Mexico",2002,87.2,3103,87.9,50.1,112.5,65
"Mexico",2003,86.9,3109,87.4,50.4,111.7,66.7
"Mexico",2004,89.4,3105,87.3,49.7,114,66.1
"Mexico",2005,90.9,3065,87.1,46.4,108.7,63.4
"Mexico",2006,89.2,3079,88,48.4,112.4,61.7
"Mexico",2007,91.1,3101,88.7,48.5,109.6,64.6
"Mexico",2008,91.1,3079,88.2,48.9,111.2,62
"Mexico",2009,89.8,3043,86.9,49.8,107.4,55
"Mexico",2010,90.6,3041,87.1,49.7,97.5,56.2
"Mexico",2011,92.9,3028,85.4,49,100.7,51.6
"Mexico",2012,91.4,3049,86.6,50.7,98.1,59.8
"Mexico",2013,93.6,3072,87.6,48.5,107.4,55.9
"Netherlands",2000,146.2,3265,107.3,45.9,121,98
"Netherlands",2001,143.7,3254,108.8,45.9,122.1,101.2
"Netherlands",2002,144,3249,102,46.1,143.6,86.4
"Netherlands",2003,130.4,3141,97.7,47.9,133,80.4
"Netherlands",2004,133.4,3197,105.1,47.6,129,95.2
"Netherlands",2005,140.1,3231,105.1,46.7,127,86.1
"Netherlands",2006,132.4,3213,108.6,46.4,129.6,94.6
"Netherlands",2007,131.6,3237,106,46.9,135,105.7
"Netherlands",2008,132.7,3228,108,46,125.2,103.5
"Netherlands",2009,127,3213,110.7,47.2,111.4,88.4
"Netherlands",2010,125.1,3208,107.8,47.1,116.2,78.4
"Netherlands",2011,122.5,3212,107,45.5,155.1,83.2
"Netherlands",2012,124.3,3225,111.9,45.4,157.1,77.3
"Netherlands",2013,125.6,3228,111.7,44.5,176.1,86.3
"New Zealand",2000,114.2,3173,87.9,57.4,128.3,131.8
"New Zealand",2001,112.4,3117,90.3,59.8,122.1,142.5
"New Zealand",2002,115.1,3121,90.7,60.6,116.6,122.7
"New Zealand",2003,114.1,3120,91.8,62.2,108.4,117.8
"New Zealand",2004,117.8,3157,93.4,60.2,113.5,138.5
"New Zealand",2005,118.9,3183,92.2,61.5,119.1,122.1
"New Zealand",2006,118.5,3151,93.9,59,97,151.7
"New Zealand",2007,121,3184,94.4,60.1,114.2,129.5
"New Zealand",2008,120.9,3205,94.1,62.4,120.3,131.7
"New Zealand",2009,116.2,3144,92,60.3,110.3,140.9
"New Zealand",2010,118.5,3139,90.4,56.8,109,123.4
"New Zealand",2011,119.7,3137,100.2,58.1,91.5,121.2
"New Zealand",2012,116.8,3127,91.8,57.6,94,134
"New Zealand",2013,116.1,3137,92.5,59.2,99,129.5
"Norway",2000,139.3,3378,105.1,45.9,108.4,60.7
"Norway",2001,142.1,3418,105.6,44.7,108.3,68.5
"Norway",2002,145.7,3459,105.6,44.3,121.9,68.5
"Norway",2003,145.8,3437,103.7,42.9,124.7,75
"Norway",2004,151.3,3477,104.5,40.8,130.6,75
"Norway",2005,156.6,3520,105.4,37.8,131.8,74.1
"Norway",2006,149.2,3446,105,36.7,134.5,75.7
"Norway",2007,148.3,3464,107.1,37.5,142.5,77.6
"Norway",2008,147.2,3478,109.9,38.4,148,81.7
"Norway",2009,147.3,3471,109.7,37.6,129,78.9
"Norway",2010,149,3486,110,38.2,127.4,71.8
"Norway",2011,150.4,3488,109.5,40.3,137.8,77.8
"Norway",2012,150.2,3499,111,41.7,140.6,73.3
"Norway",2013,149.2,3485,110.9,43.9,140.9,77.2
"Poland",2000,113.4,3419,99.8,45.5,47.1,138.4
"Poland",2001,114,3421,99.6,46,54,133.2
"Poland",2002,116.3,3429,100.6,45.9,49,109.3
"Poland",2003,114.7,3421,101,46,48.8,122.8
"Poland",2004,113.2,3380,99.1,44.9,49.7,127.6
"Poland",2005,113.3,3370,98.7,43.6,51.2,114.9
"Poland",2006,112.4,3353,98.7,43.3,51.7,112.9
"Poland",2007,111.9,3364,99.6,43.6,45.3,127.2
"Poland",2008,112.2,3346,98,42.1,55.1,113.1
"Poland",2009,116.5,3418,100.7,43.5,54.7,126.1
"Poland",2010,117.2,3413,101.3,43.5,52.4,113.6
"Poland",2011,118.1,3443,102.3,43.7,53.9,129.4
"Poland",2012,117.8,3443,101.5,44.5,57.6,119.8
"Poland",2013,119.6,3451,101.5,44.4,60.2,107.7
"Portugal",2000,133.8,3544,112.8,32.7,117.2,180.6
"Portugal",2001,133.1,3538,114.5,32.5,114.5,194.1
"Portugal",2002,134.9,3534,112.3,32.2,115.6,160.8
"Portugal",2003,134.2,3523,110.5,32.8,107.5,156.4
"Portugal",2004,132.4,3535,113.1,30.8,127.2,216.6
"Portugal",2005,136,3531,113.1,30.7,113.6,187.1
"Portugal",2006,136.5,3521,113.5,29.8,118.6,151.7
"Portugal",2007,139.5,3530,117.3,28.8,115.6,177.1
"Portugal",2008,143.8,3538,114.2,30.2,115,164.4
"Portugal",2009,142.3,3507,114.2,29,117.8,191.6
"Portugal",2010,139.9,3498,114,29.4,107.1,201.4
"Portugal",2011,139.8,3477,111.7,28.4,111,164.8
"Portugal",2012,142.1,3473,110.3,28.3,106.7,176.3
"Portugal",2013,140.3,3477,110.9,28.5,125.3,152.1
"Slovak Republic",2000,97.2,2778,71.6,36.4,66,82.5
"Slovak Republic",2001,105.3,2785,71,32.7,53.5,77
"Slovak Republic",2002,105.3,2800,73.6,31.9,56.7,68
"Slovak Republic",2003,105.6,2790,73.8,31.4,59.6,73.3
"Slovak Republic",2004,104.6,2817,71.3,39.4,51.2,81.1
"Slovak Republic",2005,101.3,2841,74.1,47.8,61,74.9
"Slovak Republic",2006,104.9,2833,73.9,44.2,57.7,85.8
"Slovak Republic",2007,101.1,2794,71.3,40.6,62.9,88.9
"Slovak Republic",2008,97.3,2864,73.4,51.1,65.8,97.8
"Slovak Republic",2009,108.2,2899,72.5,52,67.8,95.1
"Slovak Republic",2010,111.1,2950,73.8,52.5,63.7,92.7
"Slovak Republic",2011,111.8,2941,74.7,48.5,61.7,95.3
"Slovak Republic",2012,115,2901,69.1,44.5,52.5,62.6
"Slovak Republic",2013,113,2944,72.5,49.7,58.1,60.5
"Spain",2000,155.1,3360,112.3,29.6,107.4,164.6
"Spain",2001,152.6,3332,112.8,29.8,111,155.6
"Spain",2002,153.8,3359,115.4,29.7,119.7,163.5
"Spain",2003,149.3,3297,113.8,29.8,106.6,155.1
"Spain",2004,145.4,3246,110.7,29.9,95.1,162.1
"Spain",2005,146,3220,108.7,29.9,100.2,155.8
"Spain",2006,144.9,3227,110.2,30.2,107.6,147
"Spain",2007,147.3,3223,111.2,29.8,86.4,154.7
"Spain",2008,144.2,3208,108.1,30.2,97.4,145.4
"Spain",2009,144.3,3205,108,30.3,76.6,158.4
"Spain",2010,144,3183,107,30.4,79.7,140.5
"Spain",2011,144.3,3192,105.9,31.1,74.9,125.5
"Spain",2012,143.8,3173,104.7,31.2,66.2,126.2
"Spain",2013,143.7,3174,104.9,31.2,72.2,119.2
"Sweden",2000,123,3099,101.9,47,98.7,73.5
"Sweden",2001,124.6,3124,103.9,44.8,101.3,75.6
"Sweden",2002,125,3133,107.7,42.1,108.9,76.9
"Sweden",2003,123.6,3124,108.2,41.9,115,78.6
"Sweden",2004,125.2,3147,108.3,41.3,113.9,84.1
"Sweden",2005,124.3,3122,108,41.9,109.7,84.2
"Sweden",2006,122,3091,107.7,41.2,111.6,88.8
"Sweden",2007,121.9,3089,107.1,41.6,117.4,86.1
"Sweden",2008,125.6,3128,108.9,40.7,134.1,88.8
"Sweden",2009,127.3,3126,107.7,40.5,117.7,91.8
"Sweden",2010,130,3151,108.5,38.7,119.3,88.2
"Sweden",2011,132.1,3157,106.8,40.2,116.9,93.9
"Sweden",2012,134.5,3170,105.3,40.2,117.7,98.2
"Sweden",2013,130.2,3179,107.7,42.1,125,94.4
"Switzerland",2000,149.9,3440,95.9,54.5,89.8,100.3
"Switzerland",2001,150.6,3380,94.7,53.8,87.9,97.5
"Switzerland",2002,154.2,3436,93.8,57.2,87.6,98.9
"Switzerland",2003,154,3432,93.7,56.9,80.2,95.1
"Switzerland",2004,152.9,3412,92.8,59.4,76.4,95.9
"Switzerland",2005,153.8,3386,91.9,58.9,71.9,88
"Switzerland",2006,158,3432,92.2,60,74.3,88.3
"Switzerland",2007,155.7,3428,94,59,79.4,90.5
"Switzerland",2008,158.7,3445,93.4,59.4,86.5,95.4
"Switzerland",2009,156.7,3465,94.6,58.1,95.7,99.8
"Switzerland",2010,157,3448,94.8,58.7,103,104
"Switzerland",2011,158.5,3491,95.6,58.2,105.4,113.4
"Switzerland",2012,151.4,3382,92.1,60.4,109.3,108.3
"Switzerland",2013,153.6,3391,93.1,60.4,103.6,108.7
"Turkey",2000,100.1,3662,105.3,30.7,116.7,251.7
"Turkey",2001,95.2,3621,103.2,31,107,241.6
"Turkey",2002,97.3,3607,103.4,27.8,108.3,253.7
"Turkey",2003,99,3588,102.7,26.4,117,249.7
"Turkey",2004,104.8,3609,103,28.4,104.9,240
"Turkey",2005,105,3611,103.3,29.3,120.5,249
"Turkey",2006,108.2,3647,103,32.1,113.5,239.8
"Turkey",2007,113.5,3630,102.7,28.5,116.8,234.6
"Turkey",2008,110.3,3595,100.5,30.7,123.6,244.2
"Turkey",2009,112.5,3621,100.7,32.3,127.3,235.3
"Turkey",2010,113.8,3650,103.5,33,120.8,227
"Turkey",2011,120.6,3674,104.5,31.2,122.2,241
"Turkey",2012,120.1,3690,107.5,31.5,127.1,239.1
"Turkey",2013,119.7,3706,108.1,31.9,127.2,241.3
"United Kingdom",2000,140.8,3362,98.8,37.4,84.7,87.1
"United Kingdom",2001,141.8,3400,100.7,40.4,91.9,90.9
"United Kingdom",2002,135.4,3416,101.9,41.1,97.9,85.7
"United Kingdom",2003,133.4,3400,103.1,40.4,115.6,92.3
"United Kingdom",2004,137.6,3445,103.2,41.5,116.2,90.3
"United Kingdom",2005,139.4,3438,103.6,37.6,127,95.9
"United Kingdom",2006,147.2,3438,104.1,33,139.1,93.4
"United Kingdom",2007,140.8,3417,104.5,36.1,126.9,91.6
"United Kingdom",2008,140.1,3422,102.9,36.5,134.2,93
"United Kingdom",2009,139.7,3412,102.1,38.8,125.1,88.7
"United Kingdom",2010,142.3,3404,102.1,36.6,123.3,92.8
"United Kingdom",2011,138.1,3417,102.9,40.1,125.7,96.9
"United Kingdom",2012,138.5,3403,103.4,38.6,126.1,92.9
"United Kingdom",2013,138.4,3424,103.2,41.3,127.4,97
"United States",2000,154.4,3755,114.3,69.1,125.4,132.4
"United States",2001,154.8,3707,112.8,68,112.6,124.2
"United States",2002,159.9,3783,114.4,70.6,110.4,130.8
"United States",2003,158.6,3777,114.6,70,114.4,126.7
"United States",2004,161.7,3809,115.5,70.9,116.2,132.4
"United States",2005,165,3828,115.1,70.4,109.8,123
"United States",2006,162.5,3783,114.6,68.4,108.5,125.9
"United States",2007,163.2,3757,114.9,63.8,109.9,128.8
"United States",2008,161.4,3700,112.9,61.9,115.1,116.4
"United States",2009,159.3,3645,110.9,60.2,109.3,121.8
"United States",2010,159.9,3650,110.6,60.8,103.2,120.1
"United States",2011,161.7,3649,108.6,62.7,97.7,116.4
"United States",2012,162.2,3687,109.7,63.5,103.4,118.2
"United States",2013,161.5,3682,109.6,63.8,104.5,114
"Brazil",2000,99.7,2880,79.4,40,109.5,37.6
"Brazil",2001,99.4,2892,79.7,39.7,84.6,38.2
"Brazil",2002,100.8,2927,81.3,39.5,111.3,44.5
"Brazil",2003,103.6,3067,84.4,41.6,98.8,47
"Brazil",2004,105.2,3082,83.8,42,104.5,44.6
"Brazil",2005,102.4,3078,83.1,42.1,99.4,43.7
"Brazil",2006,105.3,3096,84.4,42,109.4,46.3
"Brazil",2007,107,3106,85.3,41.7,109.3,46.4
"Brazil",2008,111.1,3178,88.6,42.3,114.5,47.3
"Brazil",2009,110.5,3166,88.5,42.1,117.1,51.6
"Brazil",2010,113,3230,91.6,42.6,129.6,53.1
"Brazil",2011,115.7,3286,94.5,42.5,139.2,53.9
"Brazil",2012,116.8,3248,93.6,42.7,108.2,50.9
"Brazil",2013,117.8,3263,95,42.8,93.2,51.5
"Chile",2000,83.1,2833,78.6,45.8,55.1,99.2
"Chile",2001,84,2868,79.6,44.4,46.1,96.8
"Chile",2002,84.6,2900,81.1,45.3,58.7,101.5
"Chile",2003,85.7,2891,83.7,42.6,55.3,108.3
"Chile",2004,84.5,2917,84.8,43.6,57.3,105.2
"Chile",2005,80.9,2909,85.9,43.6,57.7,101.8
"Chile",2006,86.7,2957,87.7,43.5,56.2,99.9
"Chile",2007,88.2,2933,85.6,47.2,58.8,76
"Chile",2008,86.5,2943,85.5,47.6,60.9,79.8
"Chile",2009,83.8,2892,82.1,47.6,63,76.9
"Chile",2010,82.6,2915,83.1,48.6,65.5,65.6
"Chile",2011,84.8,2956,85.3,48.7,54.2,68.7
"Chile",2012,86,2958,85.3,48.4,57.4,72
"Chile",2013,89.4,2979,87.4,47.8,63.9,71.7
"China (People's Republic of)",2000,74.6,2808,83.7,5.7,42.3,243
"China (People's Republic of)",2001,74.6,2816,83.4,6,45.4,254.2
"China (People's Republic of)",2002,76.4,2832,84.2,5.7,46.9,271.9
"China (People's Republic of)",2003,78.3,2833,84.8,6.3,50.4,272.4
"China (People's Republic of)",2004,79.3,2857,85.9,6.1,55.6,275.3
"China (People's Republic of)",2005,81.3,2879,86.9,6.2,57.9,283.5
"China (People's Republic of)",2006,84.3,2883,87.1,6.3,61.5,292.7
"China (People's Republic of)",2007,86.6,2919,89.2,6.5,64.6,302
"China (People's Republic of)",2008,88.1,2977,91.9,6.4,68.1,316.9
"China (People's Republic of)",2009,91.1,2994,92.6,6.6,73.1,321.7
"China (People's Republic of)",2010,93.1,3044,95,6.5,77.1,332.3
"China (People's Republic of)",2011,93.2,3081,95.6,6.8,84,338.1
"China (People's Republic of)",2012,94.8,3100,97.4,6.9,91.6,347.9
"China (People's Republic of)",2013,95.1,3108,98,6.9,93.9,353.1
"Estonia",2000,86.5,3050,89,54.8,83.8,68.5
"Estonia",2001,89.2,3046,87.3,55.1,80.1,79
"Estonia",2002,99.1,3043,92.4,43.1,71.8,78.2
"Estonia",2003,101.6,3074,90.5,43.9,71.8,99.1
"Estonia",2004,97.8,3080,84.9,52.6,76,83.1
"Estonia",2005,91.8,3167,93,52.6,70.9,83.2
"Estonia",2006,95,3203,93.6,47.8,65.4,82.2
"Estonia",2007,93.5,3222,97.1,47.7,79.6,99.5
"Estonia",2008,93.8,3313,100.7,43.5,83,96.4
"Estonia",2009,95.6,3348,98.7,46.5,82.6,107.2
"Estonia",2010,92,3310,99.1,46.2,74.4,109.6
"Estonia",2011,89.1,3289,99.6,43.7,71.9,122
"Estonia",2012,94.1,3232,97.8,32.7,80.8,104.3
"Estonia",2013,90.7,3253,103.9,31.6,81.1,115.3
"India",2000,45.7,2380,56.6,23.3,35.5,64.3
"India",2001,44.3,2333,56.1,23.4,36,68.7
"India",2002,45,2285,54.3,23,34.5,59.3
"India",2003,45,2282,54.3,24.2,36.2,66.3
"India",2004,45.7,2256,54,20,37.4,54.5
"India",2005,47.6,2270,53.7,19.8,39,58.2
"India",2006,49.3,2334,55.9,20.1,43,65.4
"India",2007,50.8,2400,58,20.5,46,69.6
"India",2008,49.4,2427,58.4,22.7,49.5,71
"India",2009,52.1,2415,57.7,22.8,49.2,69.4
"India",2010,51.4,2442,59.6,21.9,52.8,76.3
"India",2011,52.1,2455,60,22.2,51.5,80.5
"India",2012,52.6,2435,59.2,23.2,52,84.7
"India",2013,52.3,2459,60.3,23.4,56.4,88.7
"Indonesia",2000,44,2436,52.7,16.2,36.1,31.7
"Indonesia",2001,44.6,2424,52.4,16.5,40.9,29.3
"Indonesia",2002,45.6,2451,53.3,16.5,47.4,29.1
"Indonesia",2003,48.4,2468,53.5,16.5,51.7,34
"Indonesia",2004,48,2471,54.1,16.4,58.1,35.5
"Indonesia",2005,48.9,2468,53.6,17,58.3,35.5
"Indonesia",2006,49.6,2483,55,14.4,62.5,36.5
"Indonesia",2007,52.5,2522,56.1,14.3,62.5,36
"Indonesia",2008,51.4,2544,56.6,13.8,65.2,37.7
"Indonesia",2009,52.5,2603,57.9,14.2,67.6,39.5
"Indonesia",2010,54.2,2651,59.6,14.3,57.2,39.8
"Indonesia",2011,55.9,2712,61.2,14.8,66.2,41.3
"Indonesia",2012,56.5,2770,61.9,16,66.8,41.8
"Indonesia",2013,57.7,2777,62.2,17,58.4,40.4
"Israel",2000,129.1,3553,120.3,52.8,140.7,240.1
"Israel",2001,137.5,3603,123.4,43.9,156.4,228.1
"Israel",2002,141,3698,126.4,44.4,159,235.1
"Israel",2003,139.8,3576,124.3,39.2,140.8,225
"Israel",2004,148,3621,128.8,27.3,169.3,235.4
"Israel",2005,147.7,3633,128.9,26.8,188.6,199.2
"Israel",2006,150.2,3624,130.1,25.8,147.2,181.7
"Israel",2007,146.1,3525,127.5,26.1,136.4,177.3
"Israel",2008,147.4,3523,128.2,25.3,119,168
"Israel",2009,145.8,3514,124.8,26.2,138.3,175.3
"Israel",2010,144.3,3535,125.6,27.6,120.5,163
"Israel",2011,148.8,3546,126.2,27.5,108.2,167.9
"Israel",2012,150.3,3603,127.9,28.1,127.5,172.7
"Israel",2013,151.6,3610,128.1,27.8,118.8,174.3
"Russia",2000,76.5,2877,85.3,41,36.3,88.3
"Russia",2001,79.6,2954,86.8,41.7,39.1,90.2
"Russia",2002,82,3025,88.7,43.9,45.4,92.1
"Russia",2003,84.6,3064,90,44.5,47.2,96.4
"Russia",2004,86.3,3113,90.7,46.4,53.4,101.7
"Russia",2005,88.8,3204,94.2,48.4,59.9,106.3
"Russia",2006,91,3247,95.3,50.4,64.8,109.6
"Russia",2007,94,3309,98.5,51,69.9,103.7
"Russia",2008,95.3,3312,99.6,50.8,66.6,103.8
"Russia",2009,95.8,3273,99.6,48.2,62.1,105.5
"Russia",2010,99.8,3302,101,47.2,66.1,104.5
"Russia",2011,101,3331,101.3,48.9,68.4,109.6
"Russia",2012,103.4,3366,103.5,48.9,68.7,112.3
"Russia",2013,105.6,3361,102.8,49,71.7,113.5
"Slovenia",2000,107.8,3056,102.3,21.1,157.7,75.3
"Slovenia",2001,115.4,3055,100,20.1,116.5,69.6
"Slovenia",2002,115.9,3081,98.6,20.1,148.3,74.6
"Slovenia",2003,120.3,3113,100.1,20.3,141,77.2
"Slovenia",2004,120.7,3158,99.3,22.7,163.4,83.9
"Slovenia",2005,117.6,3071,98.1,23.8,152,87.3
"Slovenia",2006,118.9,3120,98.2,23,130.7,87.6
"Slovenia",2007,119.6,3143,98.3,24,126,76.9
"Slovenia",2008,121.9,3156,101.7,24.1,121.9,84.9
"Slovenia",2009,121.9,3179,101.9,24.5,132.1,87.7
"Slovenia",2010,121.8,3176,100.5,26.1,122.2,75
"Slovenia",2011,119.4,3165,98.9,25.7,121.4,79.9
"Slovenia",2012,118.9,3160,98.3,27,110.6,74.8
"Slovenia",2013,119.5,3168,96.2,27.4,117.4,80.3
"South Africa",2000,71.3,2886,76.4,32.1,44.3,41.5
"South Africa",2001,75.2,2909,76.1,31.4,43.5,42.8
"South Africa",2002,77.8,2906,74.9,30.9,43,40.3
"South Africa",2003,79,2929,75.7,31.9,41.2,42.8
"South Africa",2004,78.3,2940,77.9,30.8,38.1,42.1
"South Africa",2005,80.3,2952,78.9,30.7,36.5,41.9
"South Africa",2006,80.4,2927,79.7,31.3,37.6,40
"South Africa",2007,79.4,2920,81,30.7,34,42.1
"South Africa",2008,83.3,2924,81.2,30,36.2,44.8
"South Africa",2009,87,2936,80.4,30.4,32.9,42.9
"South Africa",2010,86,2992,82.3,35.2,33.6,45.6
"South Africa",2011,83.9,3002,83.5,35,38.6,45.1
"South Africa",2012,84.7,3014,84.5,36,32.7,46.8
"South Africa",2013,83.6,3022,85.3,36.9,38,43
"Colombia",2000,73.2,2779,63.4,62.8,118.4,39.4
"Colombia",2001,73,2815,63.7,64,120.6,34.5
"Colombia",2002,73.2,2782,63.4,62.7,122.3,34.8
"Colombia",2003,72.7,2798,63.1,63.2,119.9,38.2
"Colombia",2004,71.8,2778,61.8,63.5,122.2,36.5
"Colombia",2005,73.6,2733,62.2,61.7,120.9,37.1
"Colombia",2006,75.6,2770,63.8,60.8,134.8,32.8
"Colombia",2007,75.9,2804,64.1,61.1,133.8,34.8
"Colombia",2008,77.2,2807,64.8,60.9,132.7,37.8
"Colombia",2009,74.3,2708,61.5,59.8,122.7,39.1
"Colombia",2010,78,2665,61.5,54.6,129.8,38.5
"Colombia",2011,78.7,2696,62.5,55.1,123.1,38.5
"Colombia",2012,80.5,2752,64.2,56.7,131.7,41
"Colombia",2013,82.2,2804,64.4,58.4,145.5,42.3
"Costa Rica",2000,78,2800,74.2,56.4,157.8,39.9
"Costa Rica",2001,76.9,2801,70.5,55.2,168.2,45.6
"Costa Rica",2002,78.6,2765,70.1,55.4,156.8,45.9
"Costa Rica",2003,78.1,2749,70.6,56,120.7,44
"Costa Rica",2004,82.1,2761,70.3,55.3,83.7,45.9
"Costa Rica",2005,82.3,2813,70.8,57.2,151.3,39.2
"Costa Rica",2006,86.2,2873,73,57.5,158.7,57.1
"Costa Rica",2007,87.5,2858,74.5,58.8,100.2,52.6
"Costa Rica",2008,87.7,2844,75.3,56.2,85.2,56.4
"Costa Rica",2009,87.5,2843,76.1,54.9,85.1,53
"Costa Rica",2010,86.6,2848,75.9,54.7,105.8,48.2
"Costa Rica",2011,87.9,2882,76.1,54.2,121.6,47.9
"Costa Rica",2012,89.6,2850,74.4,54.4,140.3,43.9
"Costa Rica",2013,90.5,2848,75.1,52.6,133.4,49.7
"Latvia",2000,92.4,2785,77,33.9,58.4,71.6
"Latvia",2001,100.9,2897,78.2,42.5,54,96.6
"Latvia",2002,109.4,3005,81.3,40.2,58.9,95
"Latvia",2003,111.8,3047,85.8,35.2,51.7,112.9
"Latvia",2004,119.5,3077,86,36.7,52.3,109
"Latvia",2005,118.7,3141,85.8,38.5,58.5,107.9
"Latvia",2006,128.2,3213,90.8,32.2,57.7,104.9
"Latvia",2007,124.2,3161,93.2,29.3,61.6,105.3
"Latvia",2008,120.4,3157,96,35.2,52.7,105.9
"Latvia",2009,121,3174,96.8,33.1,48.6,105.3
"Latvia",2010,120,3136,96.3,35.9,46.3,106.7
"Latvia",2011,119.9,3148,96.5,37.5,48.3,112.4
"Latvia",2012,118,3108,92.1,39.9,47.4,109.6
"Latvia",2013,119.5,3174,91.4,42.6,48,113
"Lithuania",2000,75.4,3160,104.8,37,65.6,93.6
"Lithuania",2001,84.4,3269,104.3,43.9,73.2,93.7
"Lithuania",2002,90,3276,108.2,40.3,57.8,89.4
"Lithuania",2003,93.8,3288,108,39.2,66,117.7
"Lithuania",2004,94.9,3361,116.8,38.6,55.9,106.6
"Lithuania",2005,100.8,3463,120,42.1,73.5,116
"Lithuania",2006,101.3,3466,118.9,46.1,108.8,87
"Lithuania",2007,103.2,3563,126.2,47.6,99.1,96.8
"Lithuania",2008,102.6,3522,127.1,50,62.3,100.1
"Lithuania",2009,99,3470,127,47.8,57.4,106.8
"Lithuania",2010,99.8,3333,120.5,43.1,42.1,94.9
"Lithuania",2011,100.6,3409,120.1,45.6,41.6,109.5
"Lithuania",2012,94.5,3390,124.2,46.5,55,112
"Lithuania",2013,94.6,3417,124.5,47.5,49.1,109
